地段位置或門牌,社區簡稱,交易日期,總價(萬元),"單價
(萬元/坪)","總面積
(坪)",主建物佔比,型態,屋齡,樓別/樓高,交易標的,交易筆棟數,建物現況格局,"車位總價
(萬元)",管理組織,電梯,主要用途,備註
中正區金山南路一段８２號四樓,達欣東門馥寓,114/08/31,2880,94.9,30.35,100.00%,公寓(5樓含以下無電梯),57,四層/四層,房地(土地+建物),土:1 建:1車:0,4房2廳2衛,,無,無,住家用,頂樓加蓋;
中正區延平南路８９號四樓之５,新美齊硯,114/08/30,2838,119.1,25.95,63.14%,住宅大樓(11層含以上有電梯),1,四層/十五層,房地(土地+建物)+車位,土:1 建:1車:1,1房1廳1衛,200,有,有,住家用,
中正區延平南路２２６號七樓之５,延平花園,114/08/28,1100,89.94,12.23,84.71%,華廈(10層含以下有電梯),51,七層/七層,房地(土地+建物),土:1 建:1車:0,1房1廳1衛,,有,有,住家用,其他增建;
中正區仁愛路二段２０巷３之１號二樓,仁愛首杭,114/08/28,5500,109.95,50.02,48.67%,華廈(10層含以下有電梯),15,二層/六層,房地(土地+建物)+車位,土:1 建:1車:1,3房2廳2衛,270,有,有,住家用,親友、員工、共有人或其他特殊關係間之交易;
中正區惠安街５號七樓之６,國盛國宅,114/08/25,1430,67.77,21.1,94.87%,華廈(10層含以下有電梯),45,七層/七層,房地(土地+建物),土:2 建:1車:0,2房1廳1衛,,有,有,住家用,
中正區水源路１１３號六樓之１,雲荷,114/08/24,3060,79.95,44.4,59.70%,住宅大樓(11層含以上有電梯),18,六層/十五層,房地(土地+建物)+車位,土:2 建:1車:1,3房2廳2衛,250,有,有,住家用,車位位於地下5層陽台外推;其他增建;
中正區羅斯福路三段１３８號十四樓之１,冠德羅斯福,114/08/18,12445,121.23,102.66,53.15%,住宅大樓(11層含以上有電梯),4,十四層/二十二層,房地(土地+建物)+車位,土:2 建:1車:1,3房2廳3衛,,有,有,住家用,政府機關標讓售;
中正區丹陽街３３號三樓,璞園丹陽,114/08/12,6597,157.57,51.59,59.57%,住宅大樓(11層含以上有電梯),,三層/十一層,房地(土地+建物)+車位,土:1 建:1車:1,2房2廳1衛,300,有,有,住家用,
中正區廈門街１２３巷７９號二樓,,114/08/10,1960,68.89,28.45,82.88%,公寓(5樓含以下無電梯),39,二層/五層,房地(土地+建物),土:1 建:1車:0,3房2廳2衛,,無,無,住家用,陽台外推;其他增建;
中正區金山南路一段１０８號六樓,,114/08/10,3308,91.73,36.06,73.30%,住宅大樓(11層含以上有電梯),40,六層/十二層,房地(土地+建物),土:2 建:1車:0,3房2廳2衛,,有,有,住家用,陽台外推;其他增建;
中正區南昌路二段８９號十四樓之３,將作城心,114/08/09,2450,140.18,27.37,54.26%,住宅大樓(11層含以上有電梯),7,十四層/十四層,房地(土地+建物)+車位,土:2 建:1車:1,2房1廳1衛,250,有,有,住家用,夾層;其他增建;
中正區金山南路一段１１０巷１５號五樓,,114/08/09,3500,96.53,38.83,75.60%,華廈(10層含以下有電梯),31,五層/六層,房地(土地+建物)+車位,土:1 建:1車:1,3房2廳2衛,200,無,有,住家用,陽台外推;其他增建;
中正區仁愛路二段７號六樓,,114/08/08,1250,61.98,20.17,91.41%,華廈(10層含以下有電梯),48,六層/七層,房地(土地+建物),土:2 建:1車:0,3房2廳2衛,,無,有,住家用,親友、員工、共有人或其他特殊關係間之交易;
中正區臨沂街７１巷１９弄２０號五樓,,114/08/08,2000,74.46,26.86,81.63%,公寓(5樓含以下無電梯),42,五層/五層,房地(土地+建物),土:5 建:1車:0,3房2廳2衛,,無,無,住家用,親友、員工、共有人或其他特殊關係間之交易;
中正區信義路二段２６１號十一樓,新美齊PARK259,114/08/07,8500,161.6,57.67,48.96%,住宅大樓(11層含以上有電梯),7,十一層/十四層,房地(土地+建物)+車位,土:12 建:2車:2,2房2廳2衛,500,有,有,住家用,11樓房地交易價格:62000000元整，11樓之1房地交易價格:23000000元整。其他增建;
中正區金華街３２巷２弄１號五樓,臺大金潮,114/08/02,3070,89.98,34.12,65.59%,公寓(5樓含以下無電梯),41,五層/五層,房地(土地+建物),土:4 建:1車:0,3房2廳1衛,,有,無,住家用,陽台外推;其他增建;
中正區金山南路一段５９號四樓,,114/08/02,12968,150.88,104.04,57.04%,住宅大樓(11層含以上有電梯),2,四層/十九層,房地(土地+建物)+車位,土:4 建:1車:2,3房2廳3衛,640,有,有,住家用,
中正區和平西路一段１２６號二樓之１,,114/07/31,1520,73.45,20.69,100.00%,公寓(5樓含以下無電梯),50,"二層,陽臺/四層",房地(土地+建物),土:2 建:1車:0,2房2廳1衛,,無,無,住家用,陽台外推;其他增建;
中正區開封街一段４８號十二樓之７,摩登站前,114/07/29,990,98.96,10,64.23%,住宅大樓(11層含以上有電梯),18,十二層/十四層,房地(土地+建物),土:1 建:1車:0,1房1廳1衛,,有,有,住家用,夾層;其他增建;
中正區和平西路二段９６號七樓,荷里居,114/07/28,2950,69.71,42.32,50.09%,華廈(10層含以下有電梯),10,七層/十層,房地(土地+建物)+車位,土:1 建:1車:2,1房2廳1衛,,有,有,住家用,親友、員工、共有人或其他特殊關係間之交易;
中正區漢口街一段１３２號七樓之７,板信大樓,114/07/26,1085,72.77,14.91,72.83%,華廈(10層含以下有電梯),39,七層/八層,房地(土地+建物),土:1 建:1車:0,1廳1衛,,有,有,住家用,陽台外推;其他增建;
中正區青島東路２１號二樓之６,台北市青島,114/07/25,2600,88.85,29.26,60.90%,華廈(10層含以下有電梯),39,二層/七層,房地(土地+建物),土:1 建:1車:0,2房1廳1衛,,有,有,住家用,有車位使用權(須繳租金)親友、員工、共有人或其他特殊關係間之交易;陽台外推;
中正區開封街一段４８號二樓之１,摩登站前,114/07/19,1100,92.13,11.94,57.87%,住宅大樓(11層含以上有電梯),18,二層/十四層,房地(土地+建物),土:1 建:1車:0,1房1廳1衛,,有,有,住家用,
中正區杭州南路一段１１５號三樓之３,豪洲大廈,114/07/19,4900,89.88,54.52,79.41%,華廈(10層含以下有電梯),48,三層/十層,房地(土地+建物),土:2 建:1車:0,5房2廳2衛,,有,有,住家用,其他增建;
中正區延平南路２１６巷３號六樓,延平花園,114/07/18,1100,57.78,19.04,87.35%,華廈(10層含以下有電梯),51,"六層,陽臺/七層",房地(土地+建物),土:1 建:1車:0,3房2廳2衛,,有,有,住家用,親友、員工、共有人或其他特殊關係間之交易;陽台外推;
中正區惠安街３３號五樓,,114/07/18,1588,53.67,29.59,74.46%,公寓(5樓含以下無電梯),44,五層/五層,房地(土地+建物),土:1 建:1車:0,3房1廳1衛,,無,無,住家用,陽台外推;頂樓加蓋;其他增建;
中正區寧波東街２４巷１０號八樓之１,元大天匯,114/07/15,4310,119.97,35.92,60.45%,住宅大樓(11層含以上有電梯),40,八層/十二層,房地(土地+建物),土:1 建:1車:0,3房2廳2衛,,有,有,住家用,其他增建;
中正區銅山街２４號六樓,,114/07/15,3688,90.49,40.76,70.34%,華廈(10層含以下有電梯),41,六層/七層,房地(土地+建物),土:1 建:1車:0,3房2廳2衛,,無,有,住家用,陽台外推;其他增建;
中正區新生南路一段１６０巷４號四樓,方念拾山,114/07/15,3278,89.99,36.43,88.87%,公寓(5樓含以下無電梯),48,四層/五層,房地(土地+建物),土:1 建:1車:0,2房2廳2衛,,無,無,住家用,陽台外推;
中正區寧波西街１１４之１號四樓,,114/07/14,3968,80.02,49.59,75.00%,華廈(10層含以下有電梯),48,四層/七層,房地(土地+建物),土:1 建:1車:0,4房2廳2衛,,有,有,住家用,
中正區金華街４７號四樓之１,元大天匯,114/07/14,2400,125.22,19.17,56.41%,住宅大樓(11層含以上有電梯),40,四層/十二層,房地(土地+建物),土:1 建:1車:0,2房1廳1衛,,有,有,住家用,陽台外推;
中正區寧波東街１２號八樓之１,元大天匯,114/07/14,4425,121.99,36.27,60.65%,住宅大樓(11層含以上有電梯),40,八層/十二層,房地(土地+建物),土:1 建:1車:0,3房2廳2衛,,有,有,住家用,其他增建;
中正區羅斯福路二段６６巷２號八樓,合安大樓,114/07/13,2727,106.05,25.72,72.00%,住宅大樓(11層含以上有電梯),43,八層/十二層,房地(土地+建物),土:2 建:1車:0,2房1廳1衛,,有,有,住家用,其他增建;
中正區汀州路二段１２７巷７號三樓,古亭棧,114/07/13,2350,90.42,25.99,70.40%,公寓(5樓含以下無電梯),18,三層/五層,房地(土地+建物),土:1 建:1車:0,3房2廳2衛,,有,無,住家用,雨遮加欄杆、陽台外增設外掛冷氣室外機陽台外推;其他增建;
中正區和平西路一段５９號四樓之９,中正香榭,114/07/11,1788,145.84,12.26,61.95%,住宅大樓(11層含以上有電梯),17,四層/十四層,房地(土地+建物),土:2 建:1車:0,1房1廳1衛,,有,有,住家用,
中正區和平西路一段５９號九樓之１９,中正香榭,114/07/09,1715,161.34,10.63,54.01%,住宅大樓(11層含以上有電梯),17,九層/十四層,房地(土地+建物),土:2 建:1車:0,1房1廳1衛,,有,有,住家用,陽台外推;其他增建;
中正區杭州南路一段１４巷１２號六樓,,114/07/08,4708,100.02,47.07,78.58%,華廈(10層含以下有電梯),28,六層/六層,房地(土地+建物)+車位,土:1 建:1車:1,2房2廳1衛,,有,有,住家用,陽台外推;
中正區金山南路一段１３９號六樓,東門珍第,114/07/05,3500,115.16,30.39,48.59%,住宅大樓(11層含以上有電梯),15,六層/十一層,房地(土地+建物)+車位,土:1 建:1車:1,2房2廳2衛,,有,有,住家用,
中正區杭州南路一段７７巷７號三樓,,114/07/02,5550,115.68,47.98,85.60%,公寓(5樓含以下無電梯),53,三層/四層,房地(土地+建物),土:1 建:1車:0,3房2廳2衛,,無,無,住家用,
中正區信義路二段２０７號三樓,,114/07/01,5000,124.84,40.05,100.00%,華廈(10層含以下有電梯),53,三層/六層,房地(土地+建物),土:1 建:1車:0,3房2廳,,無,有,住家用,
中正區羅斯福路三段１３８號十四樓,冠德羅斯福,114/07/01,12093,117.8,102.66,53.15%,住宅大樓(11層含以上有電梯),4,十四層/二十二層,房地(土地+建物)+車位,土:2 建:1車:1,4房2廳3衛,,有,有,住家用,政府機關標讓售;
中正區泉州街２０巷５之１號四樓,,114/06/30,950,76.58,12.41,100.00%,公寓(5樓含以下無電梯),20,四層/四層,房地(土地+建物),土:1 建:1車:0,1房1廳1衛,,無,無,住家用,
中正區和平西路一段１７號九樓,花齊匯,114/06/29,2550,134.13,19.01,50.58%,住宅大樓(11層含以上有電梯),6,九層/十四層,房地(土地+建物),土:2 建:1車:0,1房1廳1衛,,有,有,住家用,
中正區青島東路７號三樓之２,青島,114/06/28,3502,88.99,39.35,82.93%,華廈(10層含以下有電梯),48,三層/七層,房地(土地+建物),土:1 建:1車:0,1房2廳,,有,有,住家用,
中正區青島東路７號三樓之３,青島,114/06/28,3852,89,51.59,86.98%,華廈(10層含以下有電梯),48,三層/七層,房地(土地+建物)+車位,土:1 建:1車:1,2房1廳2衛,350,有,有,住家用,
中正區新生南路一段５０之２號四樓,,114/06/26,3705,90.43,40.97,61.59%,華廈(10層含以下有電梯),44,四層/七層,房地(土地+建物),土:2 建:1車:0,,,有,有,住家用,陽台外推;
中正區重慶南路三段４１號十六樓,總統傑仕堡,114/06/24,10963,151.12,91.43,54.23%,住宅大樓(11層含以上有電梯),4,十六層/二十一層,房地(土地+建物)+車位,土:2 建:1車:2,3房2廳2衛,675,有,有,住家用,
中正區重慶南路三段４３號十六樓,總統傑仕堡,114/06/24,9925,151.05,75.21,55.98%,住宅大樓(11層含以上有電梯),4,十六層/二十一層,房地(土地+建物)+車位,土:2 建:1車:1,3房2廳2衛,355,有,有,住家用,
中正區愛國東路８８號十二樓之１,中正首賦,114/06/24,9800,168.72,66.77,58.76%,住宅大樓(11層含以上有電梯),4,十二層/十三層,房地(土地+建物)+車位,土:2 建:1車:1,1房2廳2衛,320,有,有,住家用,本案總價為新台幣9800萬元整，並同意拆算土地、主建物及車位價格如下：土地交易總價為新台幣6636萬元整，建物交易總價為新台幣2844萬元整，車位交易總價為新台幣320萬元整
中正區汀州路三段６０巷２弄５號二樓,台大樸園,114/06/23,3800,89.79,42.32,49.19%,住宅大樓(11層含以上有電梯),25,二層/十三層,房地(土地+建物)+車位,土:1 建:1車:1,3房2廳2衛,,有,有,住家用,其他增建;
中正區辛亥路一段２５巷８號五樓,,114/06/22,1250,68.27,18.31,84.11%,公寓(5樓含以下無電梯),43,五層/五層,房地(土地+建物),土:1 建:1車:0,1房1廳1衛,,無,無,住家用,
中正區南昌路二段１１號五樓,中正麗園,114/06/22,6500,94.61,68.7,62.19%,住宅大樓(11層含以上有電梯),12,五層/十三層,房地(土地+建物)+車位,土:2 建:1車:1,3房2廳2衛,,有,有,住家用,
中正區博愛路２１３號五樓,,114/06/22,4180,94.84,44.07,81.30%,華廈(10層含以下有電梯),40,五層/七層,房地(土地+建物),土:1 建:1車:0,3房2廳2衛,,無,有,住家用,陽台外推;其他增建;
中正區廣州街８巷１１號八樓,,114/06/21,3958,87.13,45.43,76.73%,華廈(10層含以下有電梯),33,八層/八層,房地(土地+建物),土:1 建:1車:0,4房2廳2衛,,有,有,住家用,鐵鋁窗陽台外推;其他增建;
中正區晉江街１７３號四樓之１,三穎MORI,114/06/18,1350,112.22,12.03,49.96%,華廈(10層含以下有電梯),17,四層/七層,房地(土地+建物),土:2 建:1車:0,1房1廳1衛,,有,有,住家用,其他增建;
中正區臨沂街６５巷１６號四樓,大安風華,114/06/18,3970,101.3,39.19,95.98%,華廈(10層含以下有電梯),57,四層/四層,房地(土地+建物),土:2 建:1車:0,4房2廳2衛,,有,有,住家用,頂樓加蓋;
中正區林森南路６９號三樓,仁愛樸樂大廈,114/06/17,4088,88.14,46.38,49.32%,住宅大樓(11層含以上有電梯),8,三層/十三層,房地(土地+建物)+車位,土:2 建:2車:1,2房2廳2衛,,有,有,住家用,土地買賣價款:24528000元 建物買賣價款:16352000元親友、員工、共有人或其他特殊關係間之交易;
中正區漢口街一段５７號十樓之５,向陽上冠,114/06/16,4099,132.35,30.97,53.78%,住宅大樓(11層含以上有電梯),1,十層/十五層,房地(土地+建物),土:1 建:1車:0,2房2廳1衛,,有,有,住家用,
中正區愛國東路７４巷２５號二樓之２,中正御品,114/06/15,2236,145.71,15.35,42.87%,華廈(10層含以下有電梯),17,二層/八層,房地(土地+建物),土:1 建:1車:0,1房1廳1衛,,有,有,住家用,陽台外推;夾層;其他增建;
中正區中華路一段７號十四樓之８,中華帝標,114/06/15,4808,117.38,42.89,54.03%,住宅大樓(11層含以上有電梯),10,十四層/十五層,房地(土地+建物)+車位,土:1 建:1車:1,2房2廳2衛,200,有,有,住家用,
中正區同安街８０巷１４號四樓,,114/06/14,3950,59.5,69.37,43.33%,華廈(10層含以下有電梯),18,"四層,五層/七層",房地(土地+建物)+車位,土:1 建:2車:2,4房2廳3衛,360,有,有,住家用,陽台外推;
中正區水源路１１３號三樓之１,雲荷,114/06/14,2710,77.1,35.15,59.68%,住宅大樓(11層含以上有電梯),18,三層/十五層,房地(土地+建物),土:2 建:1車:0,3房2廳2衛,,有,有,住家用,陽台外推;其他增建;
中正區南昌路一段１２４號十四樓之２,模範生,114/06/14,1950,171.26,11.39,62.89%,住宅大樓(11層含以上有電梯),17,十四層/十四層,房地(土地+建物),土:2 建:1車:0,1房1廳1衛,,有,有,住家用,
中正區羅斯福路三段３１６巷３號八樓之３,俋泰匯台大,114/06/13,1769,68.73,25.74,27.41%,華廈(10層含以下有電梯),13,八層/十層,房地(土地+建物)+車位,土:1 建:1車:1,1房1廳1衛,240,有,有,住家用,陽台外推;
中正區延平南路１５０號十三樓,帝璟苑,114/06/13,10220,110.18,101.12,64.65%,住宅大樓(11層含以上有電梯),6,十三層/二十二層,房地(土地+建物)+車位,土:1 建:1車:1,,450,有,有,住家用,毛胚屋;
中正區金門街１之５號四樓,,114/06/12,1330,58.91,22.58,89.62%,公寓(5樓含以下無電梯),59,四層/四層,房地(土地+建物),土:3 建:1車:0,4房2廳2衛,,無,無,住家用,頂樓加蓋;其他增建;
中正區漢口街一段５７號七樓之９,向陽上冠,114/06/12,3250,123.15,26.39,54.87%,住宅大樓(11層含以上有電梯),1,七層/十五層,房地(土地+建物),土:1 建:1車:0,2房2廳1衛,,有,有,住家用,
中正區漢口街一段５７號十一樓之５,向陽上冠,114/06/12,4470,132.39,42.46,53.83%,住宅大樓(11層含以上有電梯),1,十一層/十五層,房地(土地+建物)+車位,土:1 建:1車:1,2房2廳1衛,370,有,有,住家用,
中正區重慶南路三段４２之３號四樓,,114/06/12,2250,84.8,26.53,70.68%,華廈(10層含以下有電梯),42,四層/七層,房地(土地+建物),土:2 建:1車:0,3房1廳1衛,,無,有,住家用,
中正區中華路一段９５巷７號二樓之１,皇翔紫鼎,114/06/11,6668,89.15,87.49,58.98%,住宅大樓(11層含以上有電梯),9,二層/二十五層,房地(土地+建物)+車位,土:1 建:1車:2,3房2廳3衛,500,有,有,住家用,
中正區南昌路二段２０３號九樓之３,美麗人生,114/06/10,1530,127.58,13.5,66.84%,住宅大樓(11層含以上有電梯),20,九層/十一層,房地(土地+建物)+車位,土:1 建:1車:1,1房1衛,180,有,有,住家用,陽台外推;
中正區漢口街一段５７號十二樓之８,向陽上冠,114/06/07,3825,129.58,38.15,53.76%,住宅大樓(11層含以上有電梯),1,十二層/十五層,房地(土地+建物)+車位,土:1 建:1車:1,2房2廳1衛,370,有,有,住家用,
中正區羅斯福路二段１２６號七樓,惠安同福華廈,114/06/06,3700,80.9,45.73,72.78%,住宅大樓(11層含以上有電梯),43,七層/十二層,房地(土地+建物),土:1 建:1車:0,3房2廳2衛,,有,有,住家用,陽台外推;其他增建;
中正區羅斯福路三段３１６巷３號八樓之２,俋泰匯台大,114/06/05,1450,109.01,13.3,49.69%,華廈(10層含以下有電梯),13,八層/十層,房地(土地+建物),土:1 建:1車:0,1房1廳1衛,,有,有,住家用,
中正區水源路１２７號九樓之１,銀河大廈住戶,114/06/05,216,20.78,10.39,79.05%,華廈(10層含以下有電梯),46,九層/十層,房地(土地+建物),土:4 建:1車:0,1房1廳1衛,,有,有,住家用,親友、員工、共有人或其他特殊關係間之交易;
中正區水源路１６９號二樓之３,青青草原,114/06/03,1550,75.53,20.52,70.50%,華廈(10層含以下有電梯),33,二層/八層,房地(土地+建物),土:1 建:1車:0,2房2廳1衛,,有,有,住家用,其他增建;
中正區汀州路二段２０１巷１號四樓,住安雅居,114/06/02,2900,56.66,51.19,100.00%,華廈(10層含以下有電梯),51,"四層,陽臺/七層",房地(土地+建物),土:3 建:1車:0,4房2廳2衛,,有,有,住家用,陽台外推;其他增建;
中正區漢口街一段５７號十二樓之１,向陽上冠,114/05/30,5445,139.17,39.13,54.35%,住宅大樓(11層含以上有電梯),1,十二層/十五層,房地(土地+建物),土:1 建:1車:0,3房2廳2衛,,有,有,住家用,
中正區同安街１０１巷１５號二樓,,114/05/30,1700,39.43,43.11,100.00%,公寓(5樓含以下無電梯),49,"二層,陽臺/四層",房地(土地+建物),土:3 建:1車:0,3房1廳2衛,,無,無,住家用,親友、員工、共有人或其他特殊關係間之交易;
中正區延平南路１５２號十三樓之１,帝璟苑,114/05/29,8970,111.01,87.84,60.37%,住宅大樓(11層含以上有電梯),6,十三層/二十二層,房地(土地+建物)+車位,土:1 建:1車:1,,400,有,有,住家用,毛胚屋;
中正區徐州路３８號三樓,,114/05/29,1200,64.68,18.55,100.00%,公寓(5樓含以下無電梯),52,"三層,陽臺/四層",房地(土地+建物),土:2 建:1車:0,2房2廳1衛,,無,無,住家用,親友、員工、共有人或其他特殊關係間之交易;
中正區仁愛路一段６號七樓,愛林,114/05/29,4630,116.38,39.78,78.88%,住宅大樓(11層含以上有電梯),48,七層/十二層,房地(土地+建物),土:2 建:1車:0,4房2廳2衛,,有,有,住家用,
中正區臨沂街５７巷３２弄１０號四樓,,114/05/27,3450,78.26,44.08,89.93%,公寓(5樓含以下無電梯),56,四層/四層,房地(土地+建物),土:1 建:1車:0,4房2廳2衛,,無,無,住家用,其他增建;
中正區銅山街３巷２號四樓,,114/05/27,510,44.31,11.51,87.12%,公寓(5樓含以下無電梯),42,四層/五層,房地(土地+建物),土:3 建:1車:0,3房2廳2衛,,無,無,住家用,親友、員工、共有人或其他特殊關係間之交易;
中正區羅斯福路三段５８巷６號六樓,快客A+,114/05/26,3650,130.16,28.04,42.05%,華廈(10層含以下有電梯),11,六層/九層,房地(土地+建物),土:2 建:1車:0,3房2廳2衛,,有,有,住家用,陽台外推;夾層;其他增建;
中正區金山南路一段５９號十樓,富邦醴仁,114/05/26,14700,171.34,103.03,57.04%,住宅大樓(11層含以上有電梯),2,十層/十九層,房地(土地+建物)+車位,土:4 建:1車:2,,700,有,有,住家用,
中正區泉州街１５１巷５號三樓,,114/05/25,1330,47.86,27.79,100.00%,公寓(5樓含以下無電梯),49,"三層,陽臺/四層",房地(土地+建物),土:2 建:1車:0,3房2廳1衛,,無,無,住家用,
中正區信義路一段１３號五樓,,114/05/25,450,51.16,8.8,66.61%,住宅大樓(11層含以上有電梯),29,五層/十二層,房地(土地+建物)+車位,土:3 建:1車:1,4房2廳2衛,,有,有,住家用,親友、員工、共有人或其他特殊關係間之交易;
中正區羅斯福路三段２號五樓之１,正隆天第,114/05/24,6980,103.49,72.33,58.71%,住宅大樓(11層含以上有電梯),8,五層/二十四層,房地(土地+建物)+車位,土:2 建:1車:1,3房2廳2衛,350,有,有,住家用,
中正區連雲街３８號,,114/05/24,4788,121.36,39.45,91.40%,公寓(5樓含以下無電梯),53,一層/四層,房地(土地+建物),土:1 建:1車:0,4房2廳2衛,,無,無,住家用,陽台外推;其他增建;
中正區汀州路二段１２巷６號七樓,頂真,114/05/23,1188,69.61,17.07,32.08%,華廈(10層含以下有電梯),16,七層/七層,房地(土地+建物),土:1 建:1車:0,1房1廳1衛,,有,有,住家用,陽台外推;
中正區汀州路二段１９號三樓,,114/05/22,2200,74.52,29.52,81.30%,華廈(10層含以下有電梯),36,三層/七層,房地(土地+建物),土:1 建:1車:0,3房2廳2衛,,有,有,住家用,陽台外推;
中正區忠孝西路一段５０號二十三樓之２２,亞洲廣場大樓,114/05/20,2565.9,90,28.51,61.92%,住宅大樓(11層含以上有電梯),35,二十三層/二十七層,房地(土地+建物),土:1 建:1車:0,2房1廳1衛,,有,有,住家用,
中正區忠孝西路一段５０號二十三樓之２４,亞洲廣場大樓,114/05/20,2938.5,90,32.65,63.56%,住宅大樓(11層含以上有電梯),35,二十三層/二十七層,房地(土地+建物),土:1 建:1車:0,2房1廳1衛,,有,有,住家用,
中正區仁愛路二段９８號四樓之１,皇宮杏林,114/05/20,612,92.85,6.59,85.50%,華廈(10層含以下有電梯),48,"四層,陽臺/七層",房地(土地+建物),土:2 建:1車:0,3房2廳2衛,,有,有,住家用,親友、員工、共有人或其他特殊關係間之交易;
中正區汀州路一段２５２巷２２號四樓,,114/05/20,450,22.7,19.83,80.81%,公寓(5樓含以下無電梯),41,四層/五層,房地(土地+建物),土:1 建:1車:0,2房2廳1衛,,無,無,住家用,親友、員工、共有人或其他特殊關係間之交易;
中正區詔安街２８號二樓,,114/05/18,1416,50,28.32,86.66%,公寓(5樓含以下無電梯),48,二層/四層,房地(土地+建物),土:1 建:1車:0,3房2廳1衛,,無,無,住家用,其他增建;
中正區林森北路５巷８之２號五樓,,114/05/18,1640,87.04,18.84,75.05%,華廈(10層含以下有電梯),45,五層/六層,房地(土地+建物),土:2 建:1車:0,2房2廳1衛,,有,有,住家用,其他增建;
中正區和平西路一段８８號十樓,,114/05/17,3050,72.73,41.94,100.00%,住宅大樓(11層含以上有電梯),51,"十層,陽臺/十二層",房地(土地+建物),土:1 建:1車:0,3房2廳2衛,,無,有,住家用,陽台外推;其他增建;
中正區廈門街１２３巷１８號四樓,,114/05/17,1600,58.88,27.17,100.00%,公寓(5樓含以下無電梯),50,"四層,陽臺/四層",房地(土地+建物),土:1 建:1車:0,3房2廳2衛,,無,無,住家用,頂樓加蓋;
中正區同安街４３巷３號二樓,三福河堤春曉,114/05/17,2890,74.73,38.67,77.71%,公寓(5樓含以下無電梯),39,二層/五層,房地(土地+建物),土:1 建:1車:0,3房2廳2衛,,無,無,住家用,其他增建;
中正區中華路二段７５巷１７號二樓之９,中華大廈,114/05/16,1550,74.04,20.94,100.00%,華廈(10層含以下有電梯),49,"二層,陽臺/七層",房地(土地+建物),土:1 建:1車:0,3房2廳1衛,,有,有,住家用,親友、員工、共有人或其他特殊關係間之交易;
中正區臨沂街６５巷２之２號三樓,,114/05/14,2460,87.53,28.11,85.19%,公寓(5樓含以下無電梯),42,三層/五層,房地(土地+建物),土:1 建:1車:0,3房1廳2衛,,無,無,住家用,親友、員工、共有人或其他特殊關係間之交易;陽台外推;
中正區銅山街１２號十樓,囍園,114/05/14,20238,128.99,156.9,62.12%,住宅大樓(11層含以上有電梯),18,十層/十四層,房地(土地+建物)+車位,土:1 建:2車:3,4房2廳4衛,,有,有,住家用,
中正區臨沂街６１巷２９之１號四樓,,114/05/14,2468,83.52,29.55,100.00%,公寓(5樓含以下無電梯),55,四層/四層,房地(土地+建物),土:1 建:1車:0,3房2廳1衛,,無,無,住家用,親友、員工、共有人或其他特殊關係間之交易;
中正區延平南路８９號八樓之１,新美齊硯,114/05/13,1368,120.53,11.35,63.01%,住宅大樓(11層含以上有電梯),1,八層/十五層,房地(土地+建物),土:1 建:1車:0,1房1衛,,有,有,住家用,
中正區博愛路１２２號十樓之２,鴻翔新鑽,114/05/13,1151.4,78.58,14.65,61.68%,住宅大樓(11層含以上有電梯),36,十層/十二層,房地(土地+建物),土:1 建:1車:0,1房1廳1衛,,有,有,住家用,
中正區博愛路１２２號十樓之３,鴻翔新鑽,114/05/13,1378.6,78.56,17.55,63.18%,住宅大樓(11層含以上有電梯),36,十層/十二層,房地(土地+建物),土:1 建:1車:0,1房1廳1衛,,有,有,住家用,
中正區廈門街１３１巷６之１號三樓,,114/05/11,2900,65.58,44.22,51.13%,華廈(10層含以下有電梯),32,三層/五層,房地(土地+建物)+車位,土:1 建:1車:1,3房2廳2衛,200,有,有,住家用,其他增建;
中正區詔安街２７６巷６號二樓之１,,114/05/10,1600,56.25,28.44,100.00%,公寓(5樓含以下無電梯),56,"二層,露台/四層",房地(土地+建物),土:1 建:1車:0,3房2廳1衛,,無,無,住家用,親友、員工、共有人或其他特殊關係間之交易;其他增建;
中正區晉江街２８號五樓,,114/05/09,2000,57.24,34.94,75.06%,公寓(5樓含以下無電梯),37,五層/五層,房地(土地+建物),土:1 建:1車:0,4房2廳2衛,,無,無,住家用,陽台外推;其他增建;
中正區杭州南路一段７１巷３之５號,,114/05/09,2580,83.36,30.95,91.26%,公寓(5樓含以下無電梯),57,三層/四層,房地(土地+建物),土:1 建:1車:0,3房2廳2衛,,無,無,住家用,陽台外推;其他增建;
中正區仁愛路二段８巷１０號十三樓,閱狷聲,114/05/09,8668,143.52,82.29,61.03%,住宅大樓(11層含以上有電梯),8,十三層/十四層,房地(土地+建物)+車位,土:2 建:1車:3,2房2廳2衛,700,有,有,住家用,
中正區重慶南路三段２３號七樓,春暉華廈,114/05/08,3000,76.79,39.07,78.86%,住宅大樓(11層含以上有電梯),48,七層/十二層,房地(土地+建物),土:2 建:1車:0,4房2廳2衛,,有,有,住家用,陽台外推;
中正區廈門街１３７號三樓之２,奕品竹,114/05/08,2498,78.64,31.77,51.77%,住宅大樓(11層含以上有電梯),7,三層/十二層,房地(土地+建物)+車位,土:1 建:1車:1,2房2廳2衛,,有,有,住家用,
中正區愛國東路１１６巷５號四樓之１,元大天匯,114/05/07,5138,117.99,43.55,61.16%,住宅大樓(11層含以上有電梯),40,四層/十二層,房地(土地+建物),土:1 建:1車:0,3房2廳2衛,,有,有,住家用,其他增建;
中正區中華路二段４０９巷２５號二樓,,114/05/07,1790,52.93,33.82,100.00%,公寓(5樓含以下無電梯),50,"二層,陽臺/四層",房地(土地+建物),土:2 建:1車:0,3房2廳1衛,,無,無,住家用,
中正區同安街２８巷９弄１號四樓之１,,114/05/06,3130,86.69,36.11,74.92%,華廈(10層含以下有電梯),41,四層/七層,房地(土地+建物),土:1 建:1車:0,3房2廳2衛,,有,有,住家用,其他增建;
中正區羅斯福路三段２８４巷８號四樓,,114/05/06,2700,71.45,37.79,100.00%,公寓(5樓含以下無電梯),48,"四層,陽臺/五層",房地(土地+建物),土:1 建:1車:0,7房1廳7衛,,無,無,住家用,格局變更陽台外推;
中正區廈門街７１巷２８之１號四樓,,114/05/06,2040,59.88,34.07,100.00%,公寓(5樓含以下無電梯),49,"四層,陽臺/四層",房地(土地+建物),土:1 建:1車:0,4房2廳2衛,,無,無,住家用,陽台外推;
中正區八德路一段４３巷１０號四樓,匯大大廈,114/05/06,2500,112.66,22.19,100.00%,公寓(5樓含以下無電梯),56,四層/四層,房地(土地+建物),土:1 建:1車:0,2房1廳1衛,,無,無,住家用,親友、員工、共有人或其他特殊關係間之交易;
中正區大埔街２５巷２之２號三樓,,114/05/04,540,19.12,28.24,72.40%,公寓(5樓含以下無電梯),42,三層/六層,房地(土地+建物),土:1 建:1車:0,3房1廳2衛,,無,無,住家用,親友、員工、共有人或其他特殊關係間之交易;
中正區羅斯福路一段８３巷２號二樓之１１,璞趣江南,114/05/03,1700,156.37,10.87,56.54%,住宅大樓(11層含以上有電梯),16,二層/十四層,房地(土地+建物),土:3 建:1車:0,1房1廳1衛,,有,有,住家用,土地價格：1455萬元整、建物價格：245萬元整。陽台外推;其他增建;
中正區臨沂街２５號五樓,頂禾園,114/05/03,28880,179.62,216.74,55.88%,住宅大樓(11層含以上有電梯),10,五層/二十層,房地(土地+建物)+車位,土:1 建:1車:5,,"2,000",有,有,住家用,
中正區詔安街５６號二樓,,114/04/30,1320,74.38,17.75,100.00%,公寓(5樓含以下無電梯),49,"二層,陽臺/四層",房地(土地+建物),土:1 建:1車:0,2房2廳1衛,,無,無,住家用,
中正區中華路二段３１５巷４弄１號四樓之２,國盛國宅,114/04/30,1500,69.41,21.61,94.99%,華廈(10層含以下有電梯),45,四層/七層,房地(土地+建物),土:2 建:1車:0,3房1廳1衛,,有,有,住家用,親友、員工、共有人或其他特殊關係間之交易;
中正區南昌路一段１０８號四樓之５,中正DC,114/04/30,1678,159.08,10.55,60.14%,住宅大樓(11層含以上有電梯),16,四層/十五層,房地(土地+建物),土:1 建:1車:0,1房1廳1衛,,有,有,住家用,
中正區忠孝西路一段５０號十六樓之１１,亞洲廣場大樓,114/04/30,1230,88.72,13.86,63.54%,住宅大樓(11層含以上有電梯),35,十六層/二十七層,房地(土地+建物),土:1 建:1車:0,,,有,有,住家用,
中正區三元街２４０之２號三樓,,114/04/29,636,18.7,34.02,82.94%,住宅大樓(11層含以上有電梯),42,三層/十二層,房地(土地+建物),土:3 建:1車:0,3房2廳2衛,,有,有,住家用,親友、員工、共有人或其他特殊關係間之交易;
中正區汀州路二段１２７巷４號三樓,,114/04/27,2500,76.71,32.59,100.00%,公寓(5樓含以下無電梯),50,"三層,陽臺/四層",房地(土地+建物),土:4 建:1車:0,3房2廳2衛,,無,無,住家用,陽台外推;其他增建;
中正區仁愛路二段９１巷１２之１號五樓,,114/04/27,3030,127.06,23.85,57.40%,華廈(10層含以下有電梯),23,五層/五層,房地(土地+建物),土:1 建:1車:0,2房2廳1衛,,有,有,住家用,陽台外推;其他增建;
中正區金門街９之１９號三樓之１,天壇大廈,114/04/26,2820,79.49,35.48,79.31%,華廈(10層含以下有電梯),45,三層/六層,房地(土地+建物),土:1 建:1車:0,3房2廳2衛,,有,有,住家用,
中正區廈門街７１巷５號三樓,中正觀邸大廈,114/04/26,2140,72.92,29.35,76.70%,公寓(5樓含以下無電梯),43,三層/五層,房地(土地+建物),土:2 建:1車:0,3房2廳1衛,,無,無,住家用,陽台外推;其他增建;
中正區詔安街２２０巷４號三樓,,114/04/23,2440,57.2,42.66,81.40%,公寓(5樓含以下無電梯),38,三層/五層,房地(土地+建物),土:1 建:1車:0,3房1廳2衛,,無,無,住家用,陽台外推;
中正區羅斯福路四段４０巷１號三樓,台大學人福邸,114/04/23,2888,76.81,37.6,100.00%,公寓(5樓含以下無電梯),50,"三層,陽臺/四層",房地(土地+建物),土:1 建:1車:0,3房2廳2衛,,無,無,住家用,其他增建;
中正區延平南路１７９巷３號二樓,太子愛國,114/04/22,2930,61.26,56.11,75.82%,華廈(10層含以下有電梯),46,二層/七層,房地(土地+建物)+車位,土:1 建:1車:1,4房2廳2衛,180,有,有,住家用,
中正區齊東街８２巷２３號,,114/04/21,2508,110.65,22.67,86.00%,公寓(5樓含以下無電梯),50,一層/四層,房地(土地+建物),土:4 建:1車:0,4房2廳2衛,,無,無,住家用,其他增建;
中正區漢口街一段５７號十二樓之５,向陽上冠,114/04/18,4489,133.65,42.46,53.83%,住宅大樓(11層含以上有電梯),1,十二層/十五層,房地(土地+建物)+車位,土:1 建:1車:1,2房2廳1衛,350,有,有,住家用,
中正區青島東路３７號四樓之２,青島畫樓,114/04/18,1215,95.77,12.69,76.25%,華廈(10層含以下有電梯),32,四層/五層,房地(土地+建物),土:1 建:1車:0,3房1廳1衛,,無,有,住家用,夾層;
中正區和平西路一段５９號五樓之２２,中正香榭,114/04/17,1835,159.59,11.5,47.88%,住宅大樓(11層含以上有電梯),17,五層/十四層,房地(土地+建物),土:2 建:1車:0,1房1廳1衛,,有,有,住家用,陽台外推;其他增建;
中正區金山南路一段５７號五樓,富邦醴仁,114/04/15,13388,150.82,115.9,56.67%,住宅大樓(11層含以上有電梯),2,五層/十九層,房地(土地+建物)+車位,土:4 建:1車:3,,900,有,有,住家用,
中正區杭州南路一段１０５巷１８號五樓,,114/04/15,1628.4,51.41,31.67,90.93%,公寓(5樓含以下無電梯),48,五層/五層,房地(土地+建物),土:2 建:1車:0,3房2廳1衛,,無,無,住家用,親友、員工、共有人或其他特殊關係間之交易;
中正區廈門街１２９號十樓,廈之堡,114/04/14,2000,67.1,29.81,55.85%,住宅大樓(11層含以上有電梯),15,十層/十四層,房地(土地+建物)+車位,土:1 建:1車:1,2房2廳1衛,150,有,有,住家用,親友、員工、共有人或其他特殊關係間之交易;
中正區重慶南路三段１０４號三樓,,114/04/13,1560,63.98,24.38,100.00%,公寓(5樓含以下無電梯),50,"三層,陽臺/四層",房地(土地+建物),土:1 建:1車:0,3房2廳1衛,,無,無,住家用,陽台外推;其他增建;
中正區臨沂街３４之２號三樓,,114/04/13,2900,87.93,32.98,82.75%,公寓(5樓含以下無電梯),49,三層/五層,房地(土地+建物),土:1 建:1車:0,3房2廳2衛,,無,無,住家用,
中正區廈門街１１３巷１號五樓之２,第一名廈,114/04/11,2210,95.92,22.19,56.86%,住宅大樓(11層含以上有電梯),17,五層/十五層,房地(土地+建物)+車位,土:1 建:1車:1,1房1廳1衛,200,有,有,住家用,
中正區重慶南路三段４３號八樓,總統傑仕堡,114/04/11,9150,138.66,75.21,55.98%,住宅大樓(11層含以上有電梯),4,八層/二十一層,房地(土地+建物)+車位,土:2 建:1車:1,3房2廳2衛,365,有,有,住家用,
中正區臨沂街３巷２１號五樓,,114/04/11,1780,91.03,19.55,83.56%,公寓(5樓含以下無電梯),37,五層/五層,房地(土地+建物),土:1 建:1車:0,3房2廳2衛,,無,無,住家用,頂樓加蓋;其他增建;
中正區杭州南路一段６巷１６號四樓,,114/04/11,1641.8,42.01,39.08,89.88%,華廈(10層含以下有電梯),48,四層/六層,房地(土地+建物),土:1 建:1車:0,3房2廳2衛,,無,有,住家用,親友、員工、共有人或其他特殊關係間之交易;
中正區臨沂街４５巷１０號四樓,仁愛峻園,114/04/11,4580,99.17,46.18,46.48%,華廈(10層含以下有電梯),21,四層/六層,房地(土地+建物)+車位,土:1 建:1車:1,3房2廳2衛,,無,有,住家用,
中正區思源街１２之９號十樓,健軍國民住宅Ｃ基地,114/04/08,4100,82.03,49.98,51.47%,住宅大樓(11層含以上有電梯),24,十層/十二層,房地(土地+建物)+車位,土:1 建:1車:1,3房2廳2衛,,有,有,住家用,陽台外推;其他增建;
中正區汀州路二段８５號十四樓之３,中正晏京,114/04/08,5620,106.2,58.74,56.95%,住宅大樓(11層含以上有電梯),8,十四層/十九層,房地(土地+建物)+車位,土:2 建:1車:1,3房2廳2衛,280,有,有,住家用,
中正區林森南路５９之５號二樓,丹陽大廈,114/04/08,2000,93.81,21.32,90.04%,華廈(10層含以下有電梯),49,二層/七層,房地(土地+建物),土:4 建:1車:0,3房2廳1衛,,有,有,住家用,親友、員工、共有人或其他特殊關係間之交易;
中正區羅斯福路三段２４０巷１７弄８號,,114/04/06,3200,99.62,32.12,81.34%,公寓(5樓含以下無電梯),39,一層/五層,房地(土地+建物),土:1 建:1車:0,3房2廳2衛,,無,無,住家用,其他增建;
中正區南昌路二段１８８號十四樓之３,,114/04/05,3700,111.27,33.25,56.62%,住宅大樓(11層含以上有電梯),13,十四層/十五層,房地(土地+建物)+車位,土:2 建:1車:1,2房2廳1衛,200,有,有,住家用,其他增建;
中正區齊東街７０巷１７號三樓之１,中正H25,114/04/05,2336,132.48,17.63,55.96%,華廈(10層含以下有電梯),1,三層/七層,房地(土地+建物),土:1 建:1車:0,1房1廳1衛,,有,有,住家用,
中正區辛亥路一段１７巷１０號三樓,,114/04/04,1770,63.03,28.08,100.00%,公寓(5樓含以下無電梯),55,"三層,陽臺/四層",房地(土地+建物),土:1 建:1車:0,3房2廳1衛,,無,無,住家用,陽台外推;
中正區臨沂街２４巷６號四樓,,114/04/03,4800,95.58,50.22,86.71%,華廈(10層含以下有電梯),48,四層/七層,房地(土地+建物),土:2 建:1車:0,3房2廳2衛,,無,有,住家用,陽台外推;其他增建;
中正區和平西路二段９８巷３之１號二樓,,114/04/02,1200,48.03,24.99,92.64%,公寓(5樓含以下無電梯),50,二層/四層,房地(土地+建物),土:2 建:1車:0,3房1廳1衛,,無,無,住家用,親友、員工、共有人或其他特殊關係間之交易;
中正區忠孝東路二段６４巷２８號十三樓,宏綺首相,114/03/31,16858,138.88,147.4,54.78%,住宅大樓(11層含以上有電梯),17,"十三層,十四層/十四層",房地(土地+建物)+車位,土:1 建:1車:3,4房2廳3衛,"1,200",有,有,住家用,陽台外推;
中正區寧波西街１２２巷１號四樓,南海苑,114/03/31,490.5,49.83,9.84,100.00%,公寓(5樓含以下無電梯),48,"四層,陽臺/四層",房地(土地+建物),土:3 建:1車:0,3房2廳2衛,,無,無,住家用,親友、員工、共有人或其他特殊關係間之交易;
中正區思源街１２號八樓,健軍國民住宅Ｃ基地,114/03/30,4600,89.46,51.42,50.11%,住宅大樓(11層含以上有電梯),24,八層/十二層,房地(土地+建物)+車位,土:1 建:1車:1,3房2廳2衛,,有,有,住家用,陽台外推;其他增建;
中正區臨沂街７１巷２弄３號,,114/03/29,2178,91.72,23.75,96.31%,公寓(5樓含以下無電梯),58,二層/四層,房地(土地+建物),土:1 建:1車:0,2房2廳2衛,,無,無,住家用,加窗陽台外推;其他增建;
中正區臨沂街７１巷１９弄４號四樓,,114/03/28,1300,55.82,23.29,79.15%,公寓(5樓含以下無電梯),44,四層/五層,房地(土地+建物),土:1 建:1車:0,4房2廳3衛,,無,無,住家用,親友、員工、共有人或其他特殊關係間之交易;
中正區南昌路一段３７號十樓,,114/03/27,2268,95.96,23.63,88.29%,華廈(10層含以下有電梯),43,十層/十層,房地(土地+建物),土:2 建:1車:0,3房2廳1衛,,有,有,住家用,陽台外推;其他增建;
中正區林森南路８巷１之５號,,114/03/27,2620,106.39,24.63,100.00%,華廈(10層含以下有電梯),55,三層/四層,房地(土地+建物),土:1 建:1車:0,2房2廳2衛,,有,有,住家用,其他增建;
中正區忠孝東路一段１７６號七樓,,114/03/27,3250,92.4,35.17,82.59%,華廈(10層含以下有電梯),48,七層/十層,房地(土地+建物),土:1 建:2車:0,5房2廳2衛,,無,有,住家用,其他增建;
中正區西藏路１２號四樓,,114/03/26,63,60.19,1.05,100.00%,公寓(5樓含以下無電梯),49,四層/四層,房地(土地+建物),土:2 建:1車:0,,,無,無,住家用,頂樓加蓋;(包含)公共設施保留地(用地);
中正區三元街２１７號十二樓之１,荷廈大樓,114/03/26,900,81.29,11.07,61.01%,住宅大樓(11層含以上有電梯),33,十二層/十二層,房地(土地+建物),土:1 建:1車:0,1房2廳1衛,,有,有,住家用,陽台外推;其他增建;
中正區漢口街一段５７號五樓之５,向陽上冠,114/03/25,3386.3,124.99,27.09,55.73%,住宅大樓(11層含以上有電梯),1,五層/十五層,房地(土地+建物),土:1 建:1車:0,2房2廳1衛,,有,有,住家用,"土地金額新台幣:24,792,427元 建物金額新台幣:9,070,073元"
中正區漢口街一段５７號六樓之７,向陽上冠,114/03/25,4306,95.94,44.88,57.77%,住宅大樓(11層含以上有電梯),1,六層/十五層,房地(土地+建物)+車位,土:1 建:1車:1,3房2廳2衛,,有,有,住家用,親友、員工、共有人或其他特殊關係間之交易;
中正區漢口街一段５７號九樓之９,向陽上冠,114/03/25,3450,120.82,28.56,53.89%,住宅大樓(11層含以上有電梯),1,九層/十五層,房地(土地+建物),土:1 建:1車:0,3房2廳1衛,,有,有,住家用,
中正區信義路二段１６１巷８號四樓之１,信義VISTA,114/03/24,1710,183.36,9.33,49.92%,華廈(10層含以下有電梯),16,四層/七層,房地(土地+建物),土:1 建:2車:0,1房1廳1衛,,有,有,住家用,陽台外推;夾層;其他增建;
中正區仁愛路二段３８巷１１號五樓之１,,114/03/24,3200,85.67,37.35,84.15%,公寓(5樓含以下無電梯),44,五層/五層,房地(土地+建物),土:2 建:1車:0,3房2廳2衛,,無,無,住家用,頂樓加蓋;
中正區仁愛路二段７１號十樓之３,首都,114/03/22,3407,106.24,32.07,83.79%,住宅大樓(11層含以上有電梯),48,"十層,陽臺/十二層",房地(土地+建物),土:2 建:1車:0,2房2廳1衛,,有,有,住家用,"有乙個車位的使用權,有繳費即可使用"
中正區中華路二段７５巷４４號之１六樓,,114/03/20,3300,70.73,46.65,70.45%,華廈(10層含以下有電梯),45,六層/七層,房地(土地+建物),土:2 建:1車:0,4房2廳2衛,,有,有,住家用,
中正區金華街５１號七樓,,114/03/17,3188,111.39,28.62,82.16%,華廈(10層含以下有電梯),42,七層/七層,房地(土地+建物),土:1 建:1車:0,3房2廳2衛,,有,有,住家用,陽台外推;
中正區杭州南路一段７１巷１６號十樓,雍居仁愛,114/03/17,10523,137.13,76.74,46.89%,住宅大樓(11層含以上有電梯),2,十層/二十層,房地(土地+建物)+車位,土:1 建:1車:1,3房1廳2衛,,有,有,住家用,政府機關標讓售;
中正區寧波東街９巷１７號四樓,,114/03/14,940,71.37,13.17,100.00%,公寓(5樓含以下無電梯),49,"四層,陽臺/四層",房地(土地+建物),土:1 建:1車:0,3房2廳2衛,,無,無,住家用,親友、員工、共有人或其他特殊關係間之交易;
中正區水源路３７之６號五樓,首都帝景,114/03/14,2530,86.59,34.65,57.07%,住宅大樓(11層含以上有電梯),7,五層/十三層,房地(土地+建物)+車位,土:1 建:1車:1,1房2廳1衛,250,有,有,住家用,
中正區和平西路一段５６號十二樓之６,,114/03/13,2470,105.4,23.43,80.07%,住宅大樓(11層含以上有電梯),40,十二層/十二層,房地(土地+建物),土:9 建:1車:0,1房2廳1衛,,有,有,住家用,頂樓加蓋;其他增建;
中正區汀州路一段２１８巷１２號四樓,,114/03/13,1044,30.44,34.3,100.00%,公寓(5樓含以下無電梯),53,"四層,陽臺/四層",房地(土地+建物),土:1 建:1車:0,4房2廳2衛,,無,無,住家用,親友、員工、共有人或其他特殊關係間之交易;
中正區中華路二段４８１號六樓之１,,114/03/12,2260,79.77,28.33,70.71%,華廈(10層含以下有電梯),34,六層/七層,房地(土地+建物),土:1 建:1車:0,3房2廳1衛,,有,有,住家用,陽台外推;其他增建;
中正區水源路３７號二樓之１,首都帝景,114/03/11,3950,61.89,63.83,55.21%,住宅大樓(11層含以上有電梯),7,二層/十三層,房地(土地+建物)+車位,土:1 建:1車:1,3房2廳2衛,,有,有,住家用,
中正區杭州南路一段３５號六樓,正隆官邸,114/03/10,11000,133.8,104.75,57.64%,住宅大樓(11層含以上有電梯),1,六層/二十二層,房地(土地+建物)+車位,土:2 建:1車:3,4房2廳2衛,"1,050",有,有,住家用,
中正區廈門街１３５巷３號,,114/03/09,3550,97.12,36.55,100.00%,公寓(5樓含以下無電梯),51,"一層,露台/四層",房地(土地+建物),土:1 建:1車:0,4房2廳2衛,,無,無,住家用,其他增建;
中正區漢口街一段５７號十二樓之７,向陽上冠,114/03/09,3620,124.29,37.88,54.93%,住宅大樓(11層含以上有電梯),1,十二層/十五層,房地(土地+建物)+車位,土:1 建:1車:1,2房2廳1衛,340,有,有,住家用,
中正區廈門街７１巷１０號,,114/03/08,3100,68.82,45.04,86.57%,公寓(5樓含以下無電梯),41,一層/四層,房地(土地+建物),土:1 建:1車:0,4房2廳2衛,,無,無,住家用,陽台外推;其他增建;
中正區信義路二段１號十四樓之１,中正梅園,114/03/08,6260,95.25,65.72,70.38%,住宅大樓(11層含以上有電梯),37,十四層/十七層,房地(土地+建物)+車位,土:3 建:1車:1,3房2廳2衛,,有,有,住家用,陽台外推;
中正區中華路二段４５５號三樓之４,,114/03/07,705,61.98,11.37,71.38%,華廈(10層含以下有電梯),48,三層/七層,房地(土地+建物),土:1 建:1車:0,1房1衛,,無,有,住家用,其他增建;
中正區愛國東路１００號六樓之１,元大天匯,114/03/07,34500,151.54,267.36,64.34%,住宅大樓(11層含以上有電梯),6,六層/十四層,房地(土地+建物)+車位,土:1 建:1車:5,,"1,560",有,有,住家用,
中正區羅斯福路三段１３６號十三樓,冠德羅斯福,114/03/06,12202,118.96,102.57,53.11%,住宅大樓(11層含以上有電梯),4,十三層/二十二層,房地(土地+建物)+車位,土:2 建:1車:1,3房3廳3衛,,有,有,住家用,政府機關標讓售;
中正區臨沂街１２號八樓之１,鴻禧臨沂華廈,114/03/06,1600,56.9,28.12,55.01%,住宅大樓(11層含以上有電梯),28,"八層,電梯樓梯間/十二層",房地(土地+建物)+車位,土:2 建:1車:2,3房2廳3衛,,有,有,住家用,親友、員工、共有人或其他特殊關係間之交易;
中正區臨沂街１２號八樓之１,鴻禧臨沂華廈,114/03/06,1600,56.9,28.12,55.01%,住宅大樓(11層含以上有電梯),28,"八層,電梯樓梯間/十二層",房地(土地+建物)+車位,土:2 建:1車:2,3房2廳3衛,,有,有,住家用,親友、員工、共有人或其他特殊關係間之交易;
中正區羅斯福路三段１３６號十四樓之１,冠德羅斯福,114/03/05,12689.9,123.72,102.57,53.11%,住宅大樓(11層含以上有電梯),4,十四層/二十二層,房地(土地+建物)+車位,土:2 建:1車:1,3房2廳3衛,,有,有,住家用,政府機關標讓售;
中正區延平南路１９５巷６號二樓,愛國新城丁基地,114/03/05,3588,92.28,38.88,73.29%,華廈(10層含以下有電梯),32,二層/五層,房地(土地+建物),土:1 建:1車:0,3房2廳2衛,,有,有,住家用,陽台外推;其他增建;
中正區杭州南路一段８之２號五樓之１,天福大樓,114/03/05,3180,100.49,31.64,72.21%,華廈(10層含以下有電梯),49,五層/七層,房地(土地+建物),土:1 建:1車:0,3房2廳2衛,,有,有,住家用,陽台外推;其他增建;
中正區羅斯福路二段１４０號十二樓之１,哈佛新廈,114/03/05,6000,81.61,73.52,71.53%,住宅大樓(11層含以上有電梯),37,十二層/十二層,房地(土地+建物),土:1 建:1車:0,3房2廳3衛,,有,有,住家用,親友、員工、共有人或其他特殊關係間之交易;頂樓加蓋;
中正區汀州路三段１６０巷４之１號三樓之２,公館新館,114/03/04,1400,127.36,10.99,65.13%,華廈(10層含以下有電梯),18,三層/九層,房地(土地+建物),土:1 建:1車:0,1房1廳1衛,,有,有,住家用,夾層;其他增建;
中正區汀州路二段９３號四樓之１,台大JIA,114/03/04,2570,94.07,36.67,56.86%,住宅大樓(11層含以上有電梯),11,四層/十一層,房地(土地+建物)+車位,土:1 建:1車:1,2房2廳1衛,230,有,有,住家用,
中正區牯嶺街１２６號四樓之２,永陞林語堂,114/03/02,3138,104.28,38.61,56.57%,住宅大樓(11層含以上有電梯),1,四層/十四層,房地(土地+建物)+車位,土:1 建:1車:1,2房2廳1衛,280,有,有,住家用,
中正區中華路二段１３９號四樓之２,,114/03/02,1666,89.6,18.59,72.10%,華廈(10層含以下有電梯),38,四層/七層,房地(土地+建物),土:1 建:2車:0,2房1廳1衛,,有,有,住家用,陽台外推;
中正區水源路１１１號九樓,雲荷,114/03/02,2890,83.21,34.73,62.58%,住宅大樓(11層含以上有電梯),18,九層/十五層,房地(土地+建物),土:2 建:1車:0,3房2廳2衛,,有,有,住家用,陽台外推;
中正區汀州路一段２５２巷１４號二樓,,114/03/02,2050,63.87,32.1,82.60%,公寓(5樓含以下無電梯),34,二層/五層,房地(土地+建物),土:1 建:1車:0,3房2廳2衛,,無,無,住家用,陽台外推;
中正區仁愛路一段２３巷８號六樓,仁愛壹邸,114/03/02,2540,124.8,20.35,47.37%,華廈(10層含以下有電梯),7,六層/七層,房地(土地+建物),土:1 建:1車:0,2房1廳1衛,,有,有,住家用,其他增建;
中正區仁愛路二段６５巷１弄７號二樓之２,仁愛GARDEN,114/03/02,2225,145.02,15.34,63.17%,華廈(10層含以下有電梯),19,二層/十層,房地(土地+建物),土:2 建:1車:0,1房1廳1衛,,有,有,住家用,陽台外推;夾層;其他增建;
中正區羅斯福路一段５８巷２０號二樓之３,中正藏璽,114/03/01,6900,127.14,75.1,60.39%,華廈(10層含以下有電梯),10,二層/八層,房地(土地+建物)+車位,土:1 建:1車:2,4房2廳2衛,800,有,有,住家用,
中正區和平西路一段１４７號十一樓,,114/02/28,4070,87.16,46.7,84.85%,住宅大樓(11層含以上有電梯),36,十一層/十二層,房地(土地+建物),土:1 建:1車:0,4房2廳2衛,,有,有,住家用,陽台外推;其他增建;
中正區漢口街一段５７號八樓之３,向陽上冠,114/02/28,3870,128.75,38.83,55.28%,住宅大樓(11層含以上有電梯),1,八層/十五層,房地(土地+建物)+車位,土:1 建:1車:1,2房2廳1衛,350,有,有,住家用,
中正區和平西路一段５９號五樓之１６,中正香榭,114/02/27,313,52.74,5.94,47.81%,住宅大樓(11層含以上有電梯),17,五層/十四層,房地(土地+建物),土:2 建:1車:0,,,有,有,住家用,親友、員工、共有人或其他特殊關係間之交易;
中正區漢口街一段５７號十四樓之６,向陽上冠,114/02/27,3840,131.65,38.08,53.70%,住宅大樓(11層含以上有電梯),1,十四層/十五層,房地(土地+建物)+車位,土:1 建:1車:1,2房2廳1衛,330,有,有,住家用,
中正區仁愛路一段２３巷１２號六樓之１,,114/02/27,4038,105.98,38.1,40.90%,華廈(10層含以下有電梯),11,六層/九層,房地(土地+建物)+車位,土:1 建:1車:1,1房2廳1衛,350,有,有,住家用,其他增建;
中正區汀州路三段５６號七樓之２,,114/02/26,3280,83.83,39.13,79.67%,華廈(10層含以下有電梯),44,七層/七層,房地(土地+建物),土:2 建:1車:0,4房2廳2衛,,有,有,住家用,頂樓加蓋;
中正區臨沂街７５巷１７號二樓之１,仁愛新宿,114/02/26,1718,118.57,14.49,56.76%,華廈(10層含以下有電梯),29,二層/九層,房地(土地+建物),土:1 建:1車:0,1房1廳1衛,,有,有,住家用,陽台外推;夾層;其他增建;
中正區臨沂街７１巷１９之１號五樓,仁愛凱旋,114/02/26,2900,98.99,29.3,72.74%,華廈(10層含以下有電梯),32,五層/七層,房地(土地+建物),土:1 建:1車:0,2房2廳2衛,,有,有,住家用,
中正區廈門街１３７號十一樓,奕品竹,114/02/25,2785,68.58,39.52,52.80%,住宅大樓(11層含以上有電梯),7,十一層/十二層,房地(土地+建物)+車位,土:1 建:1車:2,2房2廳1衛,360,有,有,住家用,
中正區林森南路１４０號三樓之１,香港大廈,114/02/25,2058,80.83,25.46,77.63%,華廈(10層含以下有電梯),47,三層/十層,房地(土地+建物),土:1 建:1車:0,3房2廳1衛,,無,有,住家用,陽台外推;其他增建;
中正區漢口街一段５７號十樓之２,向陽上冠,114/02/25,4015,130.97,39.32,55.02%,住宅大樓(11層含以上有電梯),1,十層/十五層,房地(土地+建物)+車位,土:1 建:1車:1,2房2廳1衛,370,有,有,住家用,
中正區南昌路二段２０２巷３號五樓,迦南美地,114/02/25,2293,59.02,38.85,78.60%,華廈(10層含以下有電梯),28,"五層,電梯樓梯間/八層",房地(土地+建物)+車位,土:2 建:1車:1,3房2廳2衛,,有,有,住家用,親友、員工、共有人或其他特殊關係間之交易;
中正區南昌路一段１２４號五樓之６,模範生,114/02/24,1828,160.55,11.39,62.89%,住宅大樓(11層含以上有電梯),17,五層/十四層,房地(土地+建物),土:2 建:1車:0,1房1廳1衛,,有,有,住家用,
中正區牯嶺街１２８號三樓,,114/02/24,2700,71.28,37.88,76.96%,華廈(10層含以下有電梯),39,三層/七層,房地(土地+建物),土:1 建:1車:0,3房2廳2衛,,有,有,住家用,其他增建;
中正區漢口街一段５７號八樓之８,向陽上冠,114/02/24,3250,123.15,26.39,54.87%,住宅大樓(11層含以上有電梯),1,八層/十五層,房地(土地+建物),土:1 建:1車:0,2房2廳1衛,,有,有,住家用,
中正區仁愛路二段１６號九樓之１,,114/02/24,10000,112.3,97.5,61.26%,住宅大樓(11層含以上有電梯),15,九層/十九層,房地(土地+建物)+車位,土:3 建:1車:1,1房2廳2衛,350,有,有,住家用,
中正區和平西路一段１０３號十一樓,力麒首御,114/02/23,6868,94.03,73.04,57.13%,住宅大樓(11層含以上有電梯),14,十一層/十八層,房地(土地+建物),土:2 建:1車:0,4房2廳2衛,,有,有,住家用,其他增建;
中正區林森北路５巷８之１號五樓,,114/02/22,2018,80.05,25.21,74.18%,華廈(10層含以下有電梯),44,五層/六層,房地(土地+建物),土:2 建:1車:0,2房1廳2衛,,無,有,住家用,
中正區水源路１３號二樓,臺北市嘉禾國民住宅,114/02/22,1800,45.71,39.38,70.61%,華廈(10層含以下有電梯),40,二層/十層,房地(土地+建物),土:1 建:1車:0,3房1廳1衛,,有,有,住家用,
中正區羅斯福路一段９０巷８號三樓,中正國璽,114/02/21,1371,64.7,21.19,80.06%,公寓(5樓含以下無電梯),48,三層/四層,房地(土地+建物),土:2 建:1車:0,3房2廳1衛,,無,無,住家用,親友、員工、共有人或其他特殊關係間之交易;
中正區徐州路１０號三樓,徐州10,114/02/20,4288,114.05,37.6,39.43%,華廈(10層含以下有電梯),12,三層/九層,房地(土地+建物)+車位,土:1 建:1車:2,2房2廳2衛,440,有,有,住家用,
中正區漢口街一段５７號十一樓之３,向陽上冠,114/02/19,4176,134.14,40.01,53.69%,住宅大樓(11層含以上有電梯),1,十一層/十五層,房地(土地+建物)+車位,土:1 建:1車:1,2房2廳1衛,350,有,有,住家用,
中正區仁愛路一段３７號三樓,仁愛新城己區,114/02/19,5418,113.85,47.59,55.71%,華廈(10層含以下有電梯),27,三層/十層,房地(土地+建物)+車位,土:2 建:1車:1,3房2廳2衛,,有,有,住家用,陽台外推;
中正區辛亥路一段６號五樓,潤泰新雙子星,114/02/19,5730,135.99,42.14,69.14%,住宅大樓(11層含以上有電梯),7,五層/十五層,房地(土地+建物),土:4 建:1車:0,3房2廳2衛,,有,有,住家用,本件係土地法第34-1條買賣登記案件。
中正區廈門街１２３巷８１號五樓,同安閣,114/02/18,1400,62.28,22.48,71.54%,華廈(10層含以下有電梯),43,五層/七層,房地(土地+建物),土:1 建:1車:0,4房2廳2衛,,無,有,住家用,親友、員工、共有人或其他特殊關係間之交易;
中正區南昌路一段１４５號九樓,,114/02/18,4535,85.03,53.34,78.69%,華廈(10層含以下有電梯),36,九層/十層,房地(土地+建物),土:1 建:1車:0,4房2廳2衛,,有,有,住家用,陽台外推;其他增建;
中正區牯嶺街１２６號三樓之３,永陞林語堂,114/02/18,5880,101.3,66.29,53.28%,住宅大樓(11層含以上有電梯),1,三層/十四層,房地(土地+建物)+車位,土:1 建:1車:1,4房2廳2衛,300,有,有,住家用,
中正區羅斯福路三段２１０巷８弄８號六樓,太平洋福源別墅,114/02/18,3520,81.76,43.05,100.00%,華廈(10層含以下有電梯),48,"六層,陽臺/六層",房地(土地+建物),土:2 建:1車:0,4房2廳2衛,,有,有,住家用,其他增建;
中正區漢口街一段５７號十樓之３,向陽上冠,114/02/17,4130,132.53,40.01,53.69%,住宅大樓(11層含以上有電梯),1,十層/十五層,房地(土地+建物)+車位,土:1 建:1車:1,2房2廳1衛,350,有,有,住家用,
中正區杭州南路一段４５號三樓,中正首藝,114/02/17,6888,106.98,64.39,63.04%,住宅大樓(11層含以上有電梯),20,三層/十四層,房地(土地+建物)+車位,土:1 建:1車:1,3房2廳2衛,,有,有,住家用,塔式車位位於地下四層。陽台外推;其他增建;
中正區中華路二段４４７號五樓之２,萬年青華廈,114/02/16,2330,61.99,37.59,68.93%,華廈(10層含以下有電梯),44,五層/七層,房地(土地+建物),土:1 建:1車:0,2房2廳2衛,,有,有,住家用,陽台外推;其他增建;
中正區汀州路二段２４５巷７號,,114/02/15,3500,0,42.26,,透天厝,,全/三層,房地(土地+建物),土:2 建:1車:0,5房2廳2衛,,無,無,住家用,增建頂樓平台、前陽台、後陽台、平台其他增建;
中正區漢口街一段５７號十一樓之２,向陽上冠,114/02/15,4010,132.23,39.25,54.97%,住宅大樓(11層含以上有電梯),1,十一層/十五層,房地(土地+建物)+車位,土:1 建:1車:1,2房2廳1衛,330,有,有,住家用,
中正區愛國東路１００號七樓,元大天匯,114/02/14,34842,152.01,279.86,64.34%,住宅大樓(11層含以上有電梯),6,七層/十四層,房地(土地+建物)+車位,土:1 建:1車:7,,"1,800",有,有,住家用,
中正區汀州路一段１４０巷３７號四樓,,114/02/14,1200,41.53,28.89,100.00%,公寓(5樓含以下無電梯),50,"四層,陽臺/四層",房地(土地+建物),土:2 建:1車:0,3房1廳1衛,,無,無,住家用,
中正區漢口街一段５７號九樓之７,向陽上冠,114/02/14,3630,124.29,37.88,54.93%,住宅大樓(11層含以上有電梯),1,九層/十五層,房地(土地+建物)+車位,土:1 建:1車:1,2房2廳1衛,350,有,有,住家用,
中正區濟南路二段１８之３號四樓,,114/02/14,900,66.56,13.52,91.48%,公寓(5樓含以下無電梯),48,四層/五層,房地(土地+建物),土:1 建:1車:0,3房1廳2衛,,無,無,住家用,親友、員工、共有人或其他特殊關係間之交易;
中正區信義路一段１３之１號十一樓,,114/02/13,7158,135.62,52.78,66.61%,住宅大樓(11層含以上有電梯),29,十一層/十二層,房地(土地+建物)+車位,土:3 建:1車:1,4房2廳2衛,,有,有,住家用,依建物謄本標示部，車位面積無法概算陽台外推;其他增建;
中正區林森南路１３５號二樓,,114/02/12,3030,84.56,35.83,78.34%,華廈(10層含以下有電梯),32,二層/七層,房地(土地+建物),土:1 建:1車:0,1房2廳1衛,,有,有,住家用,其他增建;
中正區廈門街１２３巷４２號四樓,,114/02/12,750,28.42,26.39,76.17%,公寓(5樓含以下無電梯),43,四層/五層,房地(土地+建物),土:1 建:1車:0,3房2廳1衛,,無,無,住家用,親友、員工、共有人或其他特殊關係間之交易;
中正區金山南路一段１８號十一樓,,114/02/11,9588,110.77,93.49,52.70%,住宅大樓(11層含以上有電梯),11,十一層/十二層,房地(土地+建物)+車位,土:1 建:1車:2,3房2廳3衛,500,有,有,住家用,塔式車位位於地下三層。陽台外推;其他增建;
中正區南昌路二段１２８號十四樓,古亭匯,114/02/10,1650,130.12,12.68,54.03%,住宅大樓(11層含以上有電梯),4,十四層/十四層,房地(土地+建物),土:2 建:1車:0,1房1廳1衛,,有,有,住家用,本建物有陽臺、露臺二工
中正區臨沂街１９巷７號三樓,,114/02/09,2830,91.6,30.89,86.97%,公寓(5樓含以下無電梯),51,三層/四層,房地(土地+建物),土:1 建:1車:0,3房2廳2衛,,無,無,住家用,
中正區重慶南路三段３６巷１３號三樓,,114/02/07,1200,83.99,14.29,100.00%,公寓(5樓含以下無電梯),52,"三層,陽臺/四層",房地(土地+建物),土:1 建:1車:0,3房2廳1衛,,無,無,住家用,陽台外推;含租約;具重建或重劃、都更等效益;
中正區漢口街一段５７號十二樓之２,向陽上冠,114/02/06,4096,134.6,39.32,55.02%,住宅大樓(11層含以上有電梯),1,十二層/十五層,房地(土地+建物)+車位,土:1 建:1車:1,2房2廳1衛,350,有,有,住家用,
中正區汀州路三段１８４號六樓之３,東南亞花園廣場,114/02/06,4900,83.81,58.47,75.26%,華廈(10層含以下有電梯),42,六層/七層,房地(土地+建物),土:2 建:1車:0,4房2廳3衛,,有,有,住家用,
中正區寧波東街１８號十一樓之２,元大天匯,114/02/05,3780,127.04,29.75,59.31%,住宅大樓(11層含以上有電梯),39,十一層/十二層,房地(土地+建物),土:1 建:1車:0,2房1廳1衛,,有,有,住家用,
中正區金山南路一段５９號十四樓,富邦醴仁,114/02/05,14700,170.75,102.49,57.00%,住宅大樓(11層含以上有電梯),2,十四層/十九層,房地(土地+建物)+車位,土:4 建:1車:2,,840,有,有,住家用,毛胚屋;
中正區汀州路三段２２１號七樓,台大福村華廈,114/02/04,245,96.76,2.53,65.23%,華廈(10層含以下有電梯),43,七層/七層,房地(土地+建物),土:2 建:1車:0,2房2廳1衛,,有,有,住家用,親友、員工、共有人或其他特殊關係間之交易;陽台外推;頂樓加蓋;其他增建;
中正區漢口街一段５７號八樓之９,向陽上冠,114/01/25,3703,125.76,38.15,53.76%,住宅大樓(11層含以上有電梯),1,八層/十五層,房地(土地+建物)+車位,土:1 建:1車:1,2房2廳1衛,350,有,有,住家用,
中正區愛國東路１１６巷２３弄１號九樓之３,元大天匯,114/01/23,3800,127.07,29.91,59.62%,住宅大樓(11層含以上有電梯),39,九層/十二層,房地(土地+建物),土:1 建:1車:0,2房2廳1衛,,有,有,住家用,本案係土地法第34條之1買賣登記案件
中正區同安街７２巷６之１號二樓,,114/01/22,1850,73.65,25.12,88.40%,公寓(5樓含以下無電梯),52,二層/四層,房地(土地+建物),土:3 建:1車:0,2房1廳1衛,,無,無,住家用,陽台外推;
中正區和平西路二段７８號五樓之１,堡格麗,114/01/22,1538,95.88,16.04,87.12%,華廈(10層含以下有電梯),45,五層/七層,房地(土地+建物),土:2 建:1車:0,1房1廳1衛,,有,有,住家用,
中正區晉江街４８巷５弄２號,,114/01/22,1580,99.39,15.9,87.50%,公寓(5樓含以下無電梯),48,一層/四層,房地(土地+建物),土:1 建:1車:0,1房2廳1衛,,無,無,住家用,其他增建;
中正區羅斯福路二段８巷５號,靜吾間,114/01/21,2820,142.09,19.85,54.76%,華廈(10層含以下有電梯),9,一層/九層,房地(土地+建物),土:2 建:1車:0,2房1廳1衛,,有,有,住家用,陽台外推;夾層;其他增建;
中正區漢口街一段５７號六樓之１０,向陽上冠,114/01/20,3300,123.77,26.66,53.70%,住宅大樓(11層含以上有電梯),1,六層/十五層,房地(土地+建物),土:1 建:1車:0,2房2廳1衛,,有,有,住家用,
中正區紹興北街３５號九樓之４,,114/01/20,1700,73.86,23.02,80.81%,華廈(10層含以下有電梯),44,九層/九層,房地(土地+建物),土:3 建:1車:0,2房1廳1衛,,有,有,住家用,親友、員工、共有人或其他特殊關係間之交易;
中正區廈門街１１３巷９之１號五樓,,114/01/19,835,23.73,35.19,84.74%,華廈(10層含以下有電梯),38,五層/七層,房地(土地+建物),土:1 建:1車:0,3房2廳2衛,,有,有,住家用,親友、員工、共有人或其他特殊關係間之交易;
中正區泉州街１３５之２號六樓,,114/01/18,1836,62.57,29.34,69.09%,華廈(10層含以下有電梯),39,六層/七層,房地(土地+建物),土:1 建:1車:0,3房2廳2衛,,無,有,住家用,陽台外推;其他增建;
中正區臨沂街５７巷３２弄８號二樓之１,展宜摘月,114/01/18,2066,143.15,14.43,50.83%,華廈(10層含以下有電梯),7,二層/五層,房地(土地+建物),土:1 建:1車:0,1房1廳1衛,,有,有,住家用,陽台外推;其他增建;
中正區水源路３７之２號二樓之２,首都帝景,114/01/17,4000,69.2,63.89,55.15%,住宅大樓(11層含以上有電梯),7,二層/十三層,房地(土地+建物)+車位,土:1 建:1車:1,4房2廳2衛,250,有,有,住家用,"交易總價4000萬元整(含車位價格250萬元整)。(土地價格:31,233,300元整、建物價格:8,766,700元整)。"
中正區杭州南路一段５３號十一樓之２,正隆官邸,114/01/17,8250,144.51,66.39,57.91%,住宅大樓(11層含以上有電梯),1,十一層/二十二層,房地(土地+建物)+車位,土:2 建:1車:1,3房2廳2衛,350,有,有,住家用,坡道平面車位位於地下五層。 土地價格：5270萬7千8百元整、建物價格：2979萬2千2百元整。 (成交總價內含車位價格新台幣350萬元整)
中正區廈門街８２巷２號三樓,泊樂,114/01/16,1752,64.02,27.37,100.00%,公寓(5樓含以下無電梯),49,"三層,陽臺/四層",房地(土地+建物),土:1 建:1車:0,3房2廳1衛,,無,無,住家用,陽台外推;
中正區水源路１１３號十樓,雲荷,114/01/16,2888,78.12,43.02,61.42%,住宅大樓(11層含以上有電梯),18,十層/十五層,房地(土地+建物)+車位,土:2 建:1車:1,3房2廳2衛,250,有,有,住家用,坡道機械車位位於地下五層。陽台外推;其他增建;
中正區羅斯福路二段３０巷１２號四樓,,114/01/16,2600,88.5,29.38,80.77%,公寓(5樓含以下無電梯),41,四層/五層,房地(土地+建物),土:1 建:1車:0,3房1廳2衛,,無,無,住家用,陽台外推;
中正區漢口街一段５７號十三樓之６,向陽上冠,114/01/16,3750,129.59,37.88,54.93%,住宅大樓(11層含以上有電梯),1,十三層/十五層,房地(土地+建物)+車位,土:1 建:1車:1,2房2廳1衛,330,有,有,住家用,
中正區重慶南路三段３９號三樓,總統傑仕堡,114/01/13,8338,130.97,72.99,53.37%,住宅大樓(11層含以上有電梯),3,三層/二十一層,房地(土地+建物)+車位,土:2 建:1車:1,3房2廳2衛,330,有,有,住家用,
中正區重慶南路三段３７號十四樓,總統傑仕堡,114/01/13,10018,146.2,87.84,55.30%,住宅大樓(11層含以上有電梯),3,十四層/二十一層,房地(土地+建物)+車位,土:2 建:1車:2,3房2廳2衛,640,有,有,住家用,
中正區汀州路二段１３３巷２號四樓,,114/01/12,2368,79.26,29.88,67.05%,華廈(10層含以下有電梯),44,四層/七層,房地(土地+建物),土:1 建:1車:0,4房2廳2衛,,無,有,住家用,陽台外推;其他增建;
中正區忠孝東路二段１２１巷３０號三樓,,114/01/12,2815,80.02,35.18,88.33%,公寓(5樓含以下無電梯),43,三層/五層,房地(土地+建物),土:2 建:1車:0,3房2廳2衛,,無,無,住家用,其他增建;
中正區中華路一段２５號七樓之３,中華第一,114/01/11,970,73.94,13.12,64.21%,住宅大樓(11層含以上有電梯),41,七層/十二層,房地(土地+建物),土:1 建:1車:0,1房1衛,,有,有,住家用,
中正區忠孝東路二段１２６號三樓、忠孝東路二段１２６號三樓之１,元亨無界,114/01/11,4320,112.11,39.68,62.75%,住宅大樓(11層含以上有電梯),15,三層/十三層,房地(土地+建物)+車位,土:2 建:1車:1,2房2廳2衛,245,有,有,住家用,塔式車位位於地下二層。
中正區和平西路一段１４３號五樓,大都市大廈,114/01/10,1700,67.8,25.07,71.91%,住宅大樓(11層含以上有電梯),46,五層/十二層,房地(土地+建物),土:1 建:1車:0,2房2廳1衛,,有,有,住家用,陽台外推;
中正區水源路１１１號十樓,雲荷,114/01/10,3057,71.27,42.89,56.19%,住宅大樓(11層含以上有電梯),18,十層/十五層,房地(土地+建物)+車位,土:2 建:1車:1,3房2廳1衛,,有,有,住家用,車位標號:46號
中正區金門街４４巷６弄３號七樓,達聯好好,114/01/09,1668,107.99,15.45,45.46%,華廈(10層含以下有電梯),6,七層/七層,房地(土地+建物),土:1 建:1車:0,1房1廳1衛,,有,有,住家用,陽台外推;其他增建;
中正區重慶南路三段５０號六樓,,114/01/07,3388,78.15,43.35,72.96%,住宅大樓(11層含以上有電梯),39,六層/十二層,房地(土地+建物),土:1 建:1車:0,4房2廳2衛,,有,有,住家用,陽台外推;
中正區羅斯福路三段３０２號七樓之１,學士大廈,114/01/06,1668,113.53,14.69,68.38%,住宅大樓(11層含以上有電梯),42,七層/十二層,房地(土地+建物),土:1 建:1車:0,2房1廳1衛,,有,有,住家用,陽台外推;其他增建;
中正區重慶南路三段３５號十五樓,總統傑仕堡,114/01/06,11352,149.58,94.91,54.25%,住宅大樓(11層含以上有電梯),3,十五層/二十一層,房地(土地+建物)+車位,土:2 建:1車:2,3房2廳2衛,700,有,有,住家用,
中正區重慶南路三段４３號五樓,總統傑仕堡,114/01/06,9038,137.6,75.21,55.98%,住宅大樓(11層含以上有電梯),3,五層/二十一層,房地(土地+建物)+車位,土:2 建:1車:1,3房2廳2衛,320,有,有,住家用,
中正區漢口街一段５７號六樓之９,向陽上冠,114/01/06,3180,120.5,26.39,54.87%,住宅大樓(11層含以上有電梯),1,六層/十五層,房地(土地+建物),土:1 建:1車:0,2房2廳1衛,,有,有,住家用,
中正區杭州南路一段１０１巷２１號五樓,,114/01/06,384.6,39.73,9.68,100.00%,華廈(10層含以下有電梯),52,"五層,陽臺/六層",房地(土地+建物),土:1 建:1車:0,2房2廳2衛,,有,有,住家用,親友、員工、共有人或其他特殊關係間之交易;
中正區仁愛路一段５９號六樓,仁愛富園,114/01/06,7710,123.43,62.47,60.13%,華廈(10層含以下有電梯),29,"六層,電梯樓梯間/八層",房地(土地+建物)+車位,土:1 建:1車:1,3房2廳2衛,180,有,有,住家用,含租約;
中正區新生南路一段１６０巷２２之１號六樓,,114/01/05,4300,104.03,41.33,74.17%,華廈(10層含以下有電梯),41,六層/六層,房地(土地+建物),土:2 建:1車:0,5房3廳3衛,,有,有,住家用,頂樓加蓋;
中正區南昌路一段７之１號四樓之３,小官邸,114/01/04,1380,112.64,12.25,50.62%,住宅大樓(11層含以上有電梯),19,四層/十三層,房地(土地+建物),土:1 建:1車:0,1房1廳1衛,,有,有,住家用,陽台外推;
中正區羅斯福路四段７８巷１弄１１號五樓,,114/01/04,2568,73.93,34.74,90.06%,公寓(5樓含以下無電梯),43,五層/五層,房地(土地+建物),土:1 建:1車:0,2房2廳2衛,,無,無,住家用,陽台外推;頂樓加蓋;其他增建;
中正區羅斯福路三段３１６巷３號六樓之５,俋泰匯台大,114/01/03,1950,102.55,19.02,52.93%,華廈(10層含以下有電梯),13,六層/十層,房地(土地+建物),土:1 建:1車:0,1房1廳1衛,,有,有,住家用,
中正區杭州南路一段１４３巷１２號,,114/01/03,950,118.2,8.04,100.00%,公寓(5樓含以下無電梯),49,"一層,平台/四層",房地(土地+建物),土:1 建:1車:0,3房2廳2衛,,無,無,住家用,親友、員工、共有人或其他特殊關係間之交易;
中正區杭州南路一段１４３巷１２號,,114/01/03,950,118.2,8.04,100.00%,公寓(5樓含以下無電梯),49,"一層,平台/四層",房地(土地+建物),土:1 建:1車:0,3房2廳2衛,,無,無,住家用,親友、員工、共有人或其他特殊關係間之交易;
中正區信義路二段２６１號十二樓之１,新美齊PARK259,114/01/03,3130,175.21,23.24,54.55%,住宅大樓(11層含以上有電梯),7,十二層/十四層,房地(土地+建物)+車位,土:12 建:1車:2,1廳,490,有,有,住家用,土地價格21910000元整 建物價格9390000元整其他增建;
中正區信義路二段２６１號十二樓,新美齊PARK259,114/01/03,7858,162.03,53.77,45.34%,住宅大樓(11層含以上有電梯),7,十二層/十四層,房地(土地+建物)+車位,土:12 建:2車:1,,470,有,有,住家用,土地價格5500.6萬元整 建物價格2357.4萬元整其他增建;
中正區杭州南路一段２７之２號二樓,,114/01/01,3788,90.27,41.96,54.41%,華廈(10層含以下有電梯),33,二層/四層,房地(土地+建物)+車位,土:3 建:1車:1,3房2廳2衛,250,無,有,住家用,陽台外推;其他增建;